{
    "depot_coordinates": [
        [
            45.12462428109202,
            72.53009767267311
        ]
    ],
    "town_coordinates": [
        [
            0.01072565197369757,
            1.6541041918974653
        ],
        [
            31.407005725874406,
            99.53161745927157
        ],
        [
            14.884422315599055,
            16.737711870850436
        ],
        [
            75.85720369179192,
            6.9529666154323095
        ],
        [
            70.54734385962705,
            46.916528177909555
        ],
        [
            1.0188216125312843,
            77.48238628662621
        ],
        [
            79.4201008360474,
            14.956945174586556
        ],
        [
            2.370363179008894,
            76.20637708943899
        ],
        [
            22.367017989334435,
            26.21743977651142
        ],
        [
            45.686950277549485,
            24.99269185070182
        ],
        [
            56.82835615907468,
            84.69429969102438
        ],
        [
            37.80995370295705,
            43.24651164320367
        ]
    ],
    "teacher_coordinates": [
        [
            83.26191762741114,
            37.11319356941939
        ],
        [
            4.05532719261622,
            55.46714859719869
        ]
    ],
    "students_per_town": [
        2,
        15,
        7,
        19,
        14,
        19,
        5,
        10,
        3,
        0,
        13,
        12
    ],
    "bus_capacity": 92
}