{
    "depot_coordinates": [
        [
            9.59685257445666,
            21.895004373209346
        ]
    ],
    "town_coordinates": [
        [
            72.96890827468513,
            99.4014585899962
        ],
        [
            67.687371177377,
            79.08225178477886
        ],
        [
            17.09142577924344,
            2.6849275789935567
        ],
        [
            80.03702439254607,
            90.37225382170001
        ],
        [
            2.4676210429265266,
            49.17473184458859
        ],
        [
            52.62551673498579,
            59.63660104193805
        ]
    ],
    "teacher_coordinates": [
        [
            5.195754510253359,
            89.50895280539211
        ],
        [
            72.82661803271174,
            81.83500113899144
        ],
        [
            50.02227528344483,
            81.01894088032547
        ]
    ],
    "students_per_town": [
        7,
        17,
        0,
        12,
        14,
        11
    ],
    "bus_capacity": 24
}