{"depot_coordinates": [[80.98125525409347, 87.2175913724283]], "town_coordinates": [[92.96160928171479, 31.63755545817859], [18.391881167709446, 20.456027855303972], [56.77250290816866, 59.55447029792516], [96.45145197356216, 65.31770968715709], [74.89066375339118, 65.35698708517353], [74.77148092712739, 96.13067360728213]], "teacher_coordinates": [[0.8388297941553491, 10.644437669771934], [29.870371376938152, 65.64111830822699]], "students_per_town": [1, 4, 0, 15, 3, 5], "bus_capacity": 21}