{
    "depot_coordinates": [
        [
            29.450132195710445,
            62.699988057192904
        ]
    ],
    "town_coordinates": [
        [
            91.50936733997764,
            94.53718338750178
        ],
        [
            53.32322296552158,
            25.249259455742667
        ],
        [
            72.0862058174848,
            36.74387637945773
        ],
        [
            49.86484429110533,
            22.657504746245582
        ],
        [
            35.3565646746047,
            65.08517866232056
        ],
        [
            31.2932895305152,
            76.87354471693398
        ],
        [
            78.18371033712542,
            85.24094829407251
        ],
        [
            94.99057401519873,
            10.732291220104418
        ]
    ],
    "teacher_coordinates": [
        [
            91.07253559654028,
            33.60551619124862
        ],
        [
            82.63804268146446,
            89.81006351198468
        ],
        [
            4.271530433633308,
            19.57949990887964
        ]
    ],
    "students_per_town": [
        4,
        12,
        8,
        0,
        1,
        6,
        18,
        0
    ],
    "bus_capacity": 30
}