{
    "depot_coordinates": [
        [
            41.43510171895457,
            1.5098844794159016
        ]
    ],
    "town_coordinates": [
        [
            25.241685704652483,
            90.01596834826076
        ],
        [
            44.2293692906284,
            2.052082465671201
        ],
        [
            95.96610139968158,
            65.22254224477255
        ],
        [
            51.32062501046737,
            68.2356383137704
        ],
        [
            48.95403906291711,
            92.64901712574321
        ],
        [
            51.58797721686504,
            7.2159881736931215
        ],
        [
            56.75082981990636,
            61.52431837237443
        ],
        [
            94.15462944696401,
            41.53633547210029
        ],
        [
            26.443997457548342,
            9.739316536577858
        ],
        [
            48.58442218780017,
            46.466286286095304
        ]
    ],
    "teacher_coordinates": [
        [
            2.9759316991142204,
            69.42774618573755
        ],
        [
            71.69471123652261,
            72.98114232911695
        ]
    ],
    "students_per_town": [
        17,
        12,
        14,
        12,
        10,
        2,
        8,
        16,
        12,
        14
    ],
    "bus_capacity": 81
}