{"depot_coordinates": [[35.16165298902122, 71.42303685445206]], "town_coordinates": [[76.88139184058103, 92.81705491153227], [60.94936579935035, 15.01834946688817], [48.96267036939954, 37.73449538332257], [84.86014119777788, 91.10972286316726], [38.384872115728854, 31.549590339612386], [56.83941527954241, 18.781803502439974], [12.584154382737022, 68.75958050444919], [79.9606717947402, 57.353656519864316]], "teacher_coordinates": [[97.3229981599485, 63.40543771374786], [88.84217248114268, 49.541475875746436]], "students_per_town": [11, 0, 13, 8, 8, 18, 15, 15], "bus_capacity": 70}