{"depot_coordinates": [[79.4529231389683, 89.3124310397603]], "town_coordinates": [[15.60385892014995, 17.730381342455182], [86.78896710470461, 29.00946684444935], [58.51796213146614, 45.3994875909469], [41.11781321725388, 88.26344451768418], [69.2708014794749, 27.927335519575045], [6.444023118528353, 19.862361375884895], [93.16827447029557, 85.44135677806905], [95.47347345609252, 5.2253348243172955], [57.9471680590934, 48.049626664912935], [2.170897897556423, 37.3620463734395]], "teacher_coordinates": [[41.40918011765592, 60.390723391400435], [67.17487273552375, 83.88657004383164], [77.9526208318874, 40.07010440412312]], "students_per_town": [18, 15, 12, 2, 3, 17, 8, 13, 13, 14], "bus_capacity": 47}