{"depot_coordinates": [[71.21201651273947, 91.74484959156598]], "town_coordinates": [[24.922505196281254, 15.213906225546658], [77.13737042013264, 25.541173236397686], [12.754340504853445, 66.51671533226938], [41.28049486799827, 66.7767766438884], [65.98135170979931, 30.537767187749974], [20.122424102875026, 22.20271264991259], [11.997086334393092, 3.714544103026396], [3.413158352411927, 23.049654791455577], [22.83537064654976, 62.49106219248094], [89.25611854667612, 77.97280162429423], [72.14512686280744, 31.044215903525263], [36.30834164231796, 19.608178386428953]], "teacher_coordinates": [[93.54917980336812, 56.173400017602034], [81.72915368907108, 34.89139809470056], [79.97142628236128, 10.410446252734163]], "students_per_town": [6, 14, 10, 9, 0, 17, 19, 19, 11, 10, 15, 12], "bus_capacity": 66}